{
 "Za Strugiem": 0.09593336147863626,
 "Małe Żywczańskie": 0.09583158903352151,
 "Szymaszkowa": 0.08745040682803785,
 "Gładkie": 0.09846690033635114,
 "Droga na Antałówkę": 0.08277078835902243,
 "Cyrhla": 0.05062075581695448,
 "Do Tadziaków": 0.1015623294814635,
 "Kasprusie": 0.10092786276315632,
 "Józefa Piłsudskiego": 0.09278722631389949,
 "Orla Perć": 0.010765150595300796,
 "Stary Kamieniec": 0.098231049365271,
 "Tatary": 0.09452142878751305,
 "Powstańców Śląskich": 0.10108136180863363,
 "Mariusza Zaruskiego": 0.10552541064260085,
 "Bilinówka": 0.09903991791013819,
 "Rondo Solidarności": 0.10226302803050268,
 "Kotelnica": 0.09141403431121659,
 "Partyzantów": 0.10460013665180586,
 "Spadowiec": 0.09362727210825006,
 "Osiedle Szymony": 0.09547570813482657,
 "Harenda": 0.07903267680072236,
 "Henryka Sienkiewicza": 0.09872458398542225,
 "Jana Kasprowicza": 0.08972769612463266,
 "Władysława Broniewskiego": 0.09169226508677986,
 "Osiedle Pardałówka": 0.08441019753907773,
 "Zofii i Witolda Paryskich": 0.08088002948132755,
 "Ustup": 0.06834192171942594,
 "Antałówka": 0.08680951642418752,
 "Bachledzki Wierch": 0.08904624965601488,
 "Króle": 0.07843978360068299,
 "Przewodników Tatrzańskich": 0.07869589372362498,
 "Nartostrada Goryczkowa": 0.07250744947705651,
 "Zwijacze": 0.08486916710014092,
 "Gawlaki": 0.05721786708282856,
 "Rondo Armii Krajowej": 0.09881718139863738,
 "Wyskówki": 0.04474084672567731,
 "Hrube Wyżne": 0.0520705264297721,
 "Hrube Niżne": 0.0542381146425736,
 "Droga do Bristolu": 0.09291499533338188,
 "Walowa Góra": 0.09979896457200305,
 "Stanisława Staszica": 0.10515189037939904,
 "Nowotarska": 0.10222841524471818,
 "Słoneczna": 0.10265586802608438,
 "Księdza Kazimierza Kaszelewskiego": 0.09844482744066199,
 "Kamieniec": 0.09922081302461251,
 "Ścieżka nad Reglami": 0.0765921504608846,
 "Droga Brata Alberta": 0.07504665728081317,
 "Salwatoriańska": 0.0831313040413052,
 "Chyców Potok": 0.09386270487971321,
 "Guty": 0.0769215695407005,
 "Szymona Zaryckiego": 0.0760114446033412,
 "Krzeptówki Potok": 0.06494002352497207,
 "Osiedle Krzeptówki": 0.0714868995021084,
 "Krzeptówki": 0.070291727165184,
 "Przewodnika Józefa Krzeptowskiego": 0.06874660856652169,
 "Mraźnica": 0.07942017742444518,
 "Droga do Walczaków": 0.08177159555357533,
 "Choćkowskie": 0.08536119559119801,
 "Skibówki Kącina": 0.07803929286976873,
 "Droga na Koziniec": 0.09042145282311352,
 "Chramcówki": 0.09439941482839866,
 "Rybkówka": 0.06481160097413369,
 "Stachonie": 0.06646352479015173,
 "Za Cieszynianką": 0.10000296505836202,
 "Bogówka": 0.08829929754399736,
 "Polna": 0.09482352662001854,
 "Bachledy": 0.08449770769045357,
 "Ciągłówka": 0.08658039804276546,
 "Gubałówka": 0.08454711013271479,
 "Bulwary Słowackiego": 0.09042145282311352,
 "Tadeusza Kościuszki": 0.10180728309901584,
 "Galicówka": 0.07480487072867191,
 "Droga na Buńdówki": 0.08631696809359224,
 "Pod Lipkami": 0.10180756961870893,
 "Huty": 0.06800316647456063,
 "Chłabówka": 0.07041874709119647,
 "Janosówka": 0.0690692045169714,
 "Jaszczurówka-Bory": 0.07338780409683149,
 "Łosiówki": 0.06047395296903809,
 "Piszczory": 0.06635223963359217,
 "Droga do Olczy": 0.0830323955892918,
 "Mieczysława Karłowicza": 0.0820870122112192,
 "Jaszczurówka": 0.06849791378525599,
 "Droga na Bystre": 0.0871763291727499,
 "Kazimierza Przerwy-Tetmajera": 0.10198701669680495,
 "Kościelna": 0.10042168322351051,
 "Droga do Daniela": 0.09186077894213297,
 "Skibówki": 0.08546809266565941,
 "Cichej Wody": 0.10022871155090553,
 "Łukaszówki": 0.10391325909597231,
 "Kościeliska": 0.10042168322351051,
 "Rondo doktora Andrzeja Chramca": 0.09645256180397623,
 "Władysława Orkana": 0.10455785568379351,
 "Pocztowców": 0.09361868342144551,
 "Smrekowa": 0.09419129284038269,
 "Wierchowa": 0.09590260720277603,
 "Szpitalna": 0.09219975923399061,
 "Jagiellońska": 0.09860747119600884,
 "Juliusza Zborowskiego": 0.10529248775632488,
 "Szkolna": 0.09973887352264625,
 "Stefana Żeromskiego": 0.09676412179720471,
 "Pod Skocznią": 0.0922589288043567,
 "Droga pod Reglami": 0.09140750482258994,
 "Mariana Zająca": 0.10025489445416977,
 "Spyrkówka": 0.08781480077366688,
 "Ubocz": 0.09150156155913494,
 "Edwarda Bogdańskiego": 0.09204397332449424,
 "Karpielówka": 0.0665980143350662,
 "Sywarne": 0.06652817466170155,
 "Karpielówka Boczna": 0.07554694819126405,
 "Droga do Rojów": 0.092207312968283,
 "Klimka Bachledy": 0.09193373542234078,
 "Sobczakówka": 0.09233734081834745,
 "Droga Stanisława Zubka": 0.0851870619976331,
 "Księdza Józefa Stolarczyka": 0.09976422923376727,
 "Osiedle Krzeptówki Potok": 0.06494002352497207,
 "Szymony": 0.09462229445714974,
 "Topory": 0.06587993050651136,
 "Karola Szymanowskiego": 0.09345692830867705,
 "Stroma": 0.0916499844649393,
 "Brzozowa": 0.09983674825096886,
 "Gimnazjalna": 0.1004386148070472,
 "Wojdyły": 0.06885689486327923,
 "Andrzeja Struga": 0.09955944517094482,
 "Mrowce": 0.07014814559884269,
 "Stara Pardałówka": 0.07835051213412778,
 "Pardałówka": 0.0827516331458657,
 "Oswalda Balzera": 0.07657664559295695,
 "Owcza Ścieżka": 0.07389103132437033,
 "Seweryna Goszczyńskiego": 0.09936266358774212,
 "Grunwaldzka": 0.10101989973063054,
 "Strążyska": 0.09989383079971498,
 "Zoniówka": 0.04857633431728491,
 "Walkosze": 0.05710394804193268,
 "Krupówki": 0.10489786529980513,
 "Rondo Jana Pawła II": 0.08747775830677514,
 "Tytusa Chałubińskiego": 0.09027937294744773,
 "Jana Sabały": 0.09492938765464336,
 "Bronisława Czecha": 0.08789155236915765,
 "Rondo Romana Dmowskiego": 0.10128562908291075,
 "Droga do Białego": 0.10036055259313992,
 "Zwierzyniecka": 0.0910515217275025,
 "Juliana Tuwima": 0.09511003049141237,
 "Władysława Zamoyskiego": 0.09113506738344047,
 "Józefa Ignacego Kraszewskiego": 0.09662231351918524,
 "Wojciecha Brzegi": 0.0881464910199404,
 "Heleny Modrzejewskiej": 0.10460013665180586,
 "Stanisława Witkiewicza": 0.09836525852803016,
 "Aleja 3 Maja": 0.10241678995659736,
 "Kornela Makuszyńskiego": 0.10046948838339956,
 "Droga do Wantuli": 0.09833085700204276,
 "Siodłowa Perć": 0.05497821018212133,
 "Skupniów Upłaz": 0.06154946088952944,
 "Wincentego Pola": 0.0944656505991606,
 "Księdza Władysława Curzydły": 0.0985166529213054,
 "Regle": 0.09559146765658419,
 "Rondo Świętego Brata Alberta": 0.08257971755298249,
 "Droga Oswalda Balzera": 0.06427309458165964,
 "Kuźnice": 0.07458580900486032,
 "Tadeusza Brzozowskiego": 0.0830323955892918,
 "Podhalańska": 0.07918118328207911,
 "Na Gubałówkę": 0.10046875460032081,
 "Wenantego Piaseckiego": 0.10110345656285341,
 "Ogrodowa": 0.10541024232276541,
 "Generała Andrzeja Galicy": 0.10709484892305791,
 "Jana Pawła II": 0.10153408876900026,
 "Do Samków": 0.09780601263276353,
 "Oberconiówka": 0.07281425446729395,
 "Klusie": 0.07176952198709255,
 "Na Wilcznik": 0.10391367651436359,
 "Droga na Wierch": 0.09250034670944841,
 "Żleb Kulczyńskiego": 0.012423595131109147,
 "Heleny Marusarzówny": 0.10079179577492631,
 "Ornak": 0.10180581293542182,
 "Weteranów Wojny": 0.10531831944979585,
 "Adama Asnyka": 0.09754699874216716,
 "Sobiczkowa": 0.07554694819126405,
 "Kurierów Tatrzańskich": 0.08500431501085975,
 "Osiedle Kasprusie": 0.10058684982336448,
 "Stanisława Kamockiego": 0.10129659851905132,
 "Krzeptówki Boczne": 0.06969413734990189,
 "Michała Małaszyńskiego": 0.09922081302461251,
 "Generała Kazimierza Sosnkowskiego": 0.09087998226751098,
 "Droga do Miśkulkusia": 0.06675134225281991,
 "Szymoszkowa": 0.08631424053501242,
 "Stary Młyn": 0.06981144360253497,
 "Droga na Szymaszkową": 0.08965700808777113,
 "Małej Łąki": 0.06669765539331557,
 "Antałówka na Wierch": 0.08749165886216317,
 "Bulwar Bronisławy i Kazimierza Dłuskich": 0.10523886420585626,
 "Generała Mieczysława Boruty-Spiechowicza": 0.08221702078851928,
 "Aleja Przewodników Tatrzańskich": 0.08735911547705402,
 "Brzeziny": 0.038785374748013565
}